date,species,number,size,depth,transect.nb,site,habitat,forest,method,observer,area,comment
26/5/2024,coris julis,3,10,85,85_1,MEDFOU03,Sand and coralline ,out,UVC,CM,Fourni,
26/5/2024,coris julis,3,12,85,85_1,MEDFOU03,Sand and coralline ,out,UVC,CM,Fourni,
26/5/2024,serranus cabrilla,2,13,85,85_1,MEDFOU03,Sand and coralline ,out,UVC,CM,Fourni,
26/5/2024,fishing line,0,,10,10_1,MEDFOU03,rock and algae,out,UVC,CM,Fourni,
26/5/2024,ind,520,5,90,90_1,MEDFOU03,Sand and coralline ,out,UVC,CM,Fourni,
28/5/2024,fishing line,0,,10,10_2,MEDFOU03,"Rock, sand, algae and posidonia meadow",out,UVC,CM,Fourni,
31/05/2024,fishing line,0,,10,10_3,MEDFOU03,Algae on rock,out,UVC,CM,Fourni,
26/5/2024,coris julis,12,11,80,80_1,MEDFOU03,Sand and coralline ,out,UVC,CM,Fourni,
26/5/2024,coris julis,12,10,80,80_1,MEDFOU03,Sand and coralline ,out,UVC,CM,Fourni,
26/5/2024,coris julis,2,13,80,80_1,MEDFOU03,Sand and coralline ,out,UVC,CM,Fourni,
26/5/2024,gobius fallax/geniporus,1,7,80,80_1,MEDFOU03,Sand and coralline ,out,UVC,CM,Fourni,
26/5/2024,anthias anthias,26,10,80,80_1,MEDFOU03,Sand and coralline ,out,UVC,CM,Fourni,
26/5/2024,anthias anthias,10,9,80,80_1,MEDFOU03,Sand and coralline ,out,UVC,CM,Fourni,
26/5/2024,coris julis,10,22,40,40_1,MEDFOU03,Sand and algae,out,UVC,CM,Fourni,
26/5/2024,coris julis,7,12,40,40_1,MEDFOU03,Sand and algae,out,UVC,CM,Fourni,
26/5/2024,coris julis,1,9,40,40_1,MEDFOU03,Sand and algae,out,UVC,CM,Fourni,
26/5/2024,coris julis,5,10,40,40_1,MEDFOU03,Sand and algae,out,UVC,CM,Fourni,
26/5/2024,serranus cabrilla,2,12,40,40_1,MEDFOU03,Sand and algae,out,UVC,CM,Fourni,
26/5/2024,serranus cabrilla,1,14,40,40_1,MEDFOU03,Sand and algae,out,UVC,CM,Fourni,
26/5/2024,gobius auratus,1,7,40,40_1,MEDFOU03,Sand and algae,out,UVC,CM,Fourni,
26/5/2024,chromis chromis,70,8,30,30_1,MEDFOU03,Algae on rock,out,UVC,CM,Fourni,
26/5/2024,chromis chromis,22,9,30,30_1,MEDFOU03,Algae on rock,out,UVC,CM,Fourni,
26/5/2024,chromis chromis,20,7,30,30_1,MEDFOU03,Algae on rock,out,UVC,CM,Fourni,
26/5/2024,apogon imberbis,4,9,30,30_1,MEDFOU03,Algae on rock,out,UVC,CM,Fourni,
26/5/2024,thalassoma pavo,3,9,30,30_1,MEDFOU03,Algae on rock,out,UVC,CM,Fourni,
26/5/2024,thalassoma pavo,1,13,30,30_1,MEDFOU03,Algae on rock,out,UVC,CM,Fourni,
26/5/2024,thalassoma pavo,1,12,30,30_1,MEDFOU03,Algae on rock,out,UVC,CM,Fourni,
26/5/2024,thalassoma pavo,3,8,30,30_1,MEDFOU03,Algae on rock,out,UVC,CM,Fourni,
26/5/2024,serranus scriba,1,15,30,30_1,MEDFOU03,Algae on rock,out,UVC,CM,Fourni,
26/5/2024,coris julis,7,9,30,30_1,MEDFOU03,Algae on rock,out,UVC,CM,Fourni,
26/5/2024,coris julis,8,10,30,30_1,MEDFOU03,Algae on rock,out,UVC,CM,Fourni,
26/5/2024,coris julis,10,11,30,30_1,MEDFOU03,Algae on rock,out,UVC,CM,Fourni,
26/5/2024,coris julis,4,13,30,30_1,MEDFOU03,Algae on rock,out,UVC,CM,Fourni,
26/5/2024,serranus cabrilla,3,11,30,30_1,MEDFOU03,Algae on rock,out,UVC,CM,Fourni,
26/5/2024,gobius auratus,1,10,30,30_1,MEDFOU03,Algae on rock,out,UVC,CM,Fourni,
12/4/24,fishing line,0,,10,10_4,,rock covered with algae and march of sand,out,UVC,CM,Trikeri,
,fishing line,0,,10,10_1,,rock covered with algae and march of sand,out,UVC,CM,Trikeri,
,fishing line,0,,10,10_2,,rock covered with algae and march of sand,out,UVC,CM,Trikeri,
,fishing line,0,,10,10_5,,rock covered with algae and march of sand,out,UVC,CM,Trikeri,
,fishing line,0,,10,10_3,,rock covered with algae and march of sand,out,UVC,CM,Trikeri,
11/4/24,fishing line,4,,19,20_4,,rock covered with algae and march of sand,out,UVC,CM,Trikeri,
26/5/2024,coris julis,2,12,20,20_1,MEDFOU03,Posidonia meadow and algae on rock,out,UVC,CM,Fourni,
26/5/2024,coris julis,3,11,20,20_1,MEDFOU03,Posidonia meadow and algae on rock,out,UVC,CM,Fourni,
26/5/2024,coris julis,3,10,20,20_1,MEDFOU03,Posidonia meadow and algae on rock,out,UVC,CM,Fourni,
26/5/2024,diplodus annularis,1,11,20,20_1,MEDFOU03,Posidonia meadow and algae on rock,out,UVC,CM,Fourni,
26/5/2024,symphodus doderleini,3,9,20,20_1,MEDFOU03,Posidonia meadow and algae on rock,out,UVC,CM,Fourni,
26/5/2024,chromis chromis,128,11,20,20_1,MEDFOU03,Posidonia meadow and algae on rock,out,UVC,CM,Fourni,
26/5/2024,chromis chromis,117,10,20,20_1,MEDFOU03,Posidonia meadow and algae on rock,out,UVC,CM,Fourni,
26/5/2024,chromis chromis,3,9,20,20_1,MEDFOU03,Posidonia meadow and algae on rock,out,UVC,CM,Fourni,
26/5/2024,serranus scriba,1,11,20,20_1,MEDFOU03,Posidonia meadow and algae on rock,out,UVC,CM,Fourni,
26/5/2024,serranus scriba,1,15,20,20_1,MEDFOU03,Posidonia meadow and algae on rock,out,UVC,CM,Fourni,
26/5/2024,serranus scriba,1,14,20,20_1,MEDFOU03,Posidonia meadow and algae on rock,out,UVC,CM,Fourni,
26/5/2024,apogon imberbis,4,9,20,20_1,MEDFOU03,Posidonia meadow and algae on rock,out,UVC,CM,Fourni,
26/5/2024,thalassoma pavo,2,9,20,20_1,MEDFOU03,Posidonia meadow and algae on rock,out,UVC,CM,Fourni,
26/5/2024,thalassoma pavo,1,11,20,20_1,MEDFOU03,Posidonia meadow and algae on rock,out,UVC,CM,Fourni,
26/5/2024,symphodus doderleini,1,9,10,10_1,MEDFOU03,rock and algae,out,UVC,CM,Fourni,
26/5/2024,thalassoma pavo,1,13,10,10_1,MEDFOU03,rock and algae,out,UVC,CM,Fourni,
26/5/2024,thalassoma pavo,10,10,10,10_1,MEDFOU03,rock and algae,out,UVC,CM,Fourni,
26/5/2024,coris julis,12,10,10,10_1,MEDFOU03,rock and algae,out,UVC,CM,Fourni,
26/5/2024,coris julis,7,12,10,10_1,MEDFOU03,rock and algae,out,UVC,CM,Fourni,
26/5/2024,serranus cabrilla,1,12,10,10_1,MEDFOU03,rock and algae,out,UVC,CM,Fourni,
26/5/2024,symphodus mediterraneus,1,11,10,10_1,MEDFOU03,rock and algae,out,UVC,CM,Fourni,
26/5/2024,coris julis,3,9,10,10_1,MEDFOU03,rock and algae,out,UVC,CM,Fourni,
26/5/2024,symphodus roissali,2,10,10,10_1,MEDFOU03,rock and algae,out,UVC,CM,Fourni,
26/5/2024,thalassoma pavo,6,9,10,10_1,MEDFOU03,rock and algae,out,UVC,CM,Fourni,
26/5/2024,thalassoma pavo,2,7,10,10_1,MEDFOU03,rock and algae,out,UVC,CM,Fourni,
26/5/2024,gobius vittatus,2,7,10,10_1,MEDFOU03,rock and algae,out,UVC,CM,Fourni,
26/5/2024,chromis chromis,60,9,10,10_1,MEDFOU03,rock and algae,out,UVC,CM,Fourni,
26/5/2024,chromis chromis,20,8,10,10_1,MEDFOU03,rock and algae,out,UVC,CM,Fourni,
26/5/2024,symphodus mediterraneus,1,12,10,10_1,MEDFOU03,rock and algae,out,UVC,CM,Fourni,
26/5/2024,apogon imberbis,1,9,10,10_1,MEDFOU03,rock and algae,out,UVC,CM,Fourni,
26/5/2024,serranus cabrilla,2,13,10,10_1,MEDFOU03,rock and algae,out,UVC,CM,Fourni,
28/5/2024,parupeneus forsskali,6,9,10,10_2,MEDFOU03,"Rock, sand, algae and posidonia meadow",out,UVC,CM,Fourni,
31/05/2024,parupeneus forsskali,1,8,10,10_3,MEDFOU03,Algae on rock,out,UVC,CM,Fourni,
26/5/2024,sparisoma cretense,1,9,10,10_1,MEDFOU03,rock and algae,out,UVC,CM,Fourni,
26/5/2024,sparisoma cretense,4,11,10,10_1,MEDFOU03,rock and algae,out,UVC,CM,Fourni,
26/5/2024,sparisoma cretense,9,8,10,10_1,MEDFOU03,rock and algae,out,UVC,CM,Fourni,
26/5/2024,spicara maena,1,13,10,10_1,MEDFOU03,rock and algae,out,UVC,CM,Fourni,
,fishing line,0,,19,20_3,,rock covered with algae and march of sand,out,UVC,CM,Trikeri,
,fishing line,0,,19,20_2,,rock covered with algae and march of sand,out,UVC,CM,Trikeri,
28/5/2024,coris julis,8,10,85,85_1,MEDFOU03,Sand and coralline ,out,UVC,CM,Fourni,
28/5/2024,coris julis,3,11,85,85_1,MEDFOU03,Sand and coralline ,out,UVC,CM,Fourni,
28/5/2024,coris julis,1,13,85,85_1,MEDFOU03,Sand and coralline ,out,UVC,CM,Fourni,
28/5/2024,serranus cabrilla,1,13,85,85_1,MEDFOU03,Sand and coralline ,out,UVC,CM,Fourni,
28/5/2024,serranus cabrilla,2,11,85,85_1,MEDFOU03,Sand and coralline ,out,UVC,CM,Fourni,
28/5/2024,serranus cabrilla,2,12,85,85_1,MEDFOU03,Sand and coralline ,out,UVC,CM,Fourni,
28/5/2024,ind,300,5,85,85_1,MEDFOU03,Sand and coralline ,out,UVC,CM,Fourni,
28/5/2024,anthias anthias,2,7,85,85_1,MEDFOU03,Sand and coralline ,out,UVC,CM,Fourni,
,fishing line,0,,19,20_1,,rock covered with algae and march of sand,out,UVC,CM,Trikeri,
7/6/24,anthias anthias,60,9,90,90_1,MEDFOU07,"Gorgonian, sponges and algae on rock",in,UVC,CM,Fourni,
7/6/24,anthias anthias,40,10,90,90_1,MEDFOU07,"Gorgonian, sponges and algae on rock",in,UVC,CM,Fourni,
26/5/2024,fishing line,0,,20,20_1,MEDFOU03,Posidonia meadow and algae on rock,out,UVC,CM,Fourni,
29/5/2024,fishing line,0,,20,20_2,MEDFOU03,rock and algae,out,UVC,CM,Fourni,
31/05/2024,fishing line,0,,20,20_3,MEDFOU03,Posidonia meadow and algae on rock,out,UVC,CM,Fourni,
13/04/2024,fishing line,2,,20,20_5,,rock covered with algae and march of sand,out,UVC,CM,Trikeri,
7/6/24,anthias anthias,55,11,80,80_1,MEDFOU07,"Gorgonian, sponges and algae on rock",in,UVC,CM,Fourni,
7/6/24,anthias anthias,90,10,80,80_1,MEDFOU07,"Gorgonian, sponges and algae on rock",in,UVC,CM,Fourni,
7/6/24,anthias anthias,10,9,80,80_1,MEDFOU07,"Gorgonian, sponges and algae on rock",in,UVC,CM,Fourni,
7/6/24,coris julis,4,11,80,80_1,MEDFOU07,"Gorgonian, sponges and algae on rock",in,UVC,CM,Fourni,
7/6/24,coris julis,18,8,80,80_1,MEDFOU07,"Gorgonian, sponges and algae on rock",in,UVC,CM,Fourni,
7/6/24,coris julis,5,9,80,80_1,MEDFOU07,"Gorgonian, sponges and algae on rock",in,UVC,CM,Fourni,
7/6/24,serranus cabrilla,2,12,80,80_1,MEDFOU07,"Gorgonian, sponges and algae on rock",in,UVC,CM,Fourni,
26/5/2024,fishing line,0,,30,30_1,MEDFOU03,Algae on rock,out,UVC,CM,Fourni,
28/5/2024,coris julis,4,12,40,40_2,MEDFOU03,Sand and algae on rock ,out,UVC,CM,Fourni,
28/5/2024,coris julis,150,11,40,40_2,MEDFOU03,Sand and algae on rock ,out,UVC,CM,Fourni,
28/5/2024,coris julis,30,10,40,40_2,MEDFOU03,Sand and algae on rock ,out,UVC,CM,Fourni,
28/5/2024,gobius auratus,7,7,40,40_2,MEDFOU03,Sand and algae on rock ,out,UVC,CM,Fourni,
28/5/2024,gobius auratus,1,8,40,40_2,MEDFOU03,Sand and algae on rock ,out,UVC,CM,Fourni,
28/5/2024,chromis chromis,30,9,40,40_2,MEDFOU03,Sand and algae on rock ,out,UVC,CM,Fourni,
28/5/2024,anthias anthias,3,11,40,40_2,MEDFOU03,Sand and algae on rock ,out,UVC,CM,Fourni,
28/5/2024,serranus cabrilla,3,13,40,40_2,MEDFOU03,Sand and algae on rock ,out,UVC,CM,Fourni,
28/5/2024,serranus cabrilla,2,14,40,40_2,MEDFOU03,Sand and algae on rock ,out,UVC,CM,Fourni,
28/5/2024,serranus cabrilla,1,10,40,40_2,MEDFOU03,Sand and algae on rock ,out,UVC,CM,Fourni,
28/5/2024,serranus cabrilla,1,11,40,40_2,MEDFOU03,Sand and algae on rock ,out,UVC,CM,Fourni,
28/5/2024,symphodus melanocercus,2,10,40,40_2,MEDFOU03,Sand and algae on rock ,out,UVC,CM,Fourni,
28/5/2024,apogon imberbis,7,9,40,40_2,MEDFOU03,Sand and algae on rock ,out,UVC,CM,Fourni,
28/5/2024,symphodus mediterraneus,1,10,40,40_2,MEDFOU03,Sand and algae on rock ,out,UVC,CM,Fourni,
28/5/2024,symphodus mediterraneus,1,9,40,40_2,MEDFOU03,Sand and algae on rock ,out,UVC,CM,Fourni,
28/5/2024,symphodus mediterraneus,5,8,40,40_2,MEDFOU03,Sand and algae on rock ,out,UVC,CM,Fourni,
28/5/2024,sparisoma cretense,1,10,40,40_2,MEDFOU03,Sand and algae on rock ,out,UVC,CM,Fourni,
17/04/2024,fishing line,6,,30,30_1,,sand and rock covered with algae/sponge,out,UVC,CM,Trikeri,
28/5/2024,chromis chromis,94,9,30,30_2,MEDFOU03,Sand and algae on rock ,out,UVC,CM,Fourni,
28/5/2024,chromis chromis,30,10,30,30_2,MEDFOU03,Sand and algae on rock ,out,UVC,CM,Fourni,
28/5/2024,coris julis,26,10,30,30_2,MEDFOU03,Sand and algae on rock ,out,UVC,CM,Fourni,
28/5/2024,coris julis,6,11,30,30_2,MEDFOU03,Sand and algae on rock ,out,UVC,CM,Fourni,
28/5/2024,coris julis,8,12,30,30_2,MEDFOU03,Sand and algae on rock ,out,UVC,CM,Fourni,
28/5/2024,serranus cabrilla,2,11,30,30_2,MEDFOU03,Sand and algae on rock ,out,UVC,CM,Fourni,
28/5/2024,serranus cabrilla,1,10,30,30_2,MEDFOU03,Sand and algae on rock ,out,UVC,CM,Fourni,
28/5/2024,serranus cabrilla,1,12,30,30_2,MEDFOU03,Sand and algae on rock ,out,UVC,CM,Fourni,
28/5/2024,apogon imberbis,1,8,30,30_2,MEDFOU03,Sand and algae on rock ,out,UVC,CM,Fourni,
28/5/2024,sparisoma cretense,1,17,30,30_2,MEDFOU03,Sand and algae on rock ,out,UVC,CM,Fourni,
28/5/2024,sparisoma cretense,2,16,30,30_2,MEDFOU03,Sand and algae on rock ,out,UVC,CM,Fourni,
28/5/2024,sparisoma cretense,1,13,30,30_2,MEDFOU03,Sand and algae on rock ,out,UVC,CM,Fourni,
28/5/2024,pterois miles,1,22,30,30_2,MEDFOU03,Sand and algae on rock ,out,UVC,CM,Fourni,
28/5/2024,gobius vittatus,3,7,30,30_2,MEDFOU03,Sand and algae on rock ,out,UVC,CM,Fourni,
28/5/2024,symphodus mediterraneus,1,11,30,30_2,MEDFOU03,Sand and algae on rock ,out,UVC,CM,Fourni,
28/5/2024,gobius auratus,1,7,30,30_2,MEDFOU03,Sand and algae on rock ,out,UVC,CM,Fourni,
28/5/2024,spondyliosoma cantharus,100,17,30,30_2,MEDFOU03,Sand and algae on rock ,out,UVC,CM,Fourni,
28/5/2024,fishing line,4,,30,30_2,MEDFOU03,Sand and algae on rock ,out,UVC,CM,Fourni,
28/5/2024,thalassoma pavo,5,7,10,10_2,MEDFOU03,"Rock, sand, algae and posidonia meadow",out,UVC,CM,Fourni,
28/5/2024,thalassoma pavo,22,8,10,10_2,MEDFOU03,"Rock, sand, algae and posidonia meadow",out,UVC,CM,Fourni,
28/5/2024,thalassoma pavo,16,10,10,10_2,MEDFOU03,"Rock, sand, algae and posidonia meadow",out,UVC,CM,Fourni,
28/5/2024,thalassoma pavo,2,13,10,10_2,MEDFOU03,"Rock, sand, algae and posidonia meadow",out,UVC,CM,Fourni,
28/5/2024,thalassoma pavo,4,12,10,10_2,MEDFOU03,"Rock, sand, algae and posidonia meadow",out,UVC,CM,Fourni,
28/5/2024,coris julis,1,14,10,10_2,MEDFOU03,"Rock, sand, algae and posidonia meadow",out,UVC,CM,Fourni,
28/5/2024,coris julis,22,10,10,10_2,MEDFOU03,"Rock, sand, algae and posidonia meadow",out,UVC,CM,Fourni,
28/5/2024,serranus scriba,1,14,10,10_2,MEDFOU03,"Rock, sand, algae and posidonia meadow",out,UVC,CM,Fourni,
28/5/2024,serranus scriba,1,13,10,10_2,MEDFOU03,"Rock, sand, algae and posidonia meadow",out,UVC,CM,Fourni,
28/5/2024,chromis chromis,121,9,10,10_2,MEDFOU03,"Rock, sand, algae and posidonia meadow",out,UVC,CM,Fourni,
26/5/2024,siganus luridus,1,16,10,10_1,MEDFOU03,rock and algae,out,UVC,CM,Fourni,
26/5/2024,siganus luridus,5,13,10,10_1,MEDFOU03,rock and algae,out,UVC,CM,Fourni,
28/5/2024,siganus luridus,1,9,10,10_2,MEDFOU03,"Rock, sand, algae and posidonia meadow",out,UVC,CM,Fourni,
28/5/2024,siganus luridus,1,16,10,10_2,MEDFOU03,"Rock, sand, algae and posidonia meadow",out,UVC,CM,Fourni,
28/5/2024,sparisoma cretense,1,10,10,10_2,MEDFOU03,"Rock, sand, algae and posidonia meadow",out,UVC,CM,Fourni,
28/5/2024,sparisoma cretense,3,11,10,10_2,MEDFOU03,"Rock, sand, algae and posidonia meadow",out,UVC,CM,Fourni,
28/5/2024,sparisoma cretense,1,9,10,10_2,MEDFOU03,"Rock, sand, algae and posidonia meadow",out,UVC,CM,Fourni,
28/5/2024,symphodus doderleini,1,9,10,10_2,MEDFOU03,"Rock, sand, algae and posidonia meadow",out,UVC,CM,Fourni,
28/5/2024,diplodus vulgaris,6,15,10,10_2,MEDFOU03,"Rock, sand, algae and posidonia meadow",out,UVC,CM,Fourni,
28/5/2024,siganus luridus,3,13,10,10_2,MEDFOU03,"Rock, sand, algae and posidonia meadow",out,UVC,CM,Fourni,
17/04/2024,fishing line,16,,30,30_2,,sand and rock covered with algae/sponge,out,UVC,CM,Trikeri,
29/5/2024,coris julis,6,11,20,20_2,MEDFOU03,rock and algae,out,UVC,CM,Fourni,
29/5/2024,coris julis,23,10,20,20_2,MEDFOU03,rock and algae,out,UVC,CM,Fourni,
29/5/2024,coris julis,2,13,20,20_2,MEDFOU03,rock and algae,out,UVC,CM,Fourni,
29/5/2024,serranus cabrilla,1,13,20,20_2,MEDFOU03,rock and algae,out,UVC,CM,Fourni,
29/5/2024,serranus cabrilla,1,14,20,20_2,MEDFOU03,rock and algae,out,UVC,CM,Fourni,
29/5/2024,symphodus doderleini,2,9,20,20_2,MEDFOU03,rock and algae,out,UVC,CM,Fourni,
29/5/2024,thalassoma pavo,3,8,20,20_2,MEDFOU03,rock and algae,out,UVC,CM,Fourni,
29/5/2024,thalassoma pavo,1,11,20,20_2,MEDFOU03,rock and algae,out,UVC,CM,Fourni,
29/5/2024,gobius fallax/geniporus,1,10,20,20_2,MEDFOU03,rock and algae,out,UVC,CM,Fourni,
29/5/2024,diplodus vulgaris,4,16,20,20_2,MEDFOU03,rock and algae,out,UVC,CM,Fourni,
29/5/2024,spondyliosoma cantharus,1,11,20,20_2,MEDFOU03,rock and algae,out,UVC,CM,Fourni,
29/5/2024,apogon imberbis,3,9,20,20_2,MEDFOU03,rock and algae,out,UVC,CM,Fourni,
29/5/2024,chromis chromis,24,8,20,20_2,MEDFOU03,rock and algae,out,UVC,CM,Fourni,
28/5/2024,siganus luridus,1,14,10,10_2,MEDFOU03,"Rock, sand, algae and posidonia meadow",out,UVC,CM,Fourni,
29/5/2024,siganus luridus,9,15,20,20_2,MEDFOU03,rock and algae,out,UVC,CM,Fourni,
29/5/2024,gobius auratus,2,7,20,20_2,MEDFOU03,rock and algae,out,UVC,CM,Fourni,
29/5/2024,scorpaena loppei,1,8,20,20_2,MEDFOU03,rock and algae,out,UVC,CM,Fourni,
29/5/2024,gobius vittatus,1,6,20,20_2,MEDFOU03,rock and algae,out,UVC,CM,Fourni,
29/5/2024,spicara maena,2,8,20,20_2,MEDFOU03,rock and algae,out,UVC,CM,Fourni,
31/05/2024,fishing line,3,,30,30_3,MEDFOU03,Posidonia meadow and algae on rock,out,UVC,CM,Fourni,
31/05/2024,ind,400,5,85,85_1,MEDFOU03,Sand and coralline ,out,UVC,CM,Fourni,
31/05/2024,coris julis,4,10,85,85_1,MEDFOU03,Sand and coralline ,out,UVC,CM,Fourni,
7/6/24,anthias anthias,40,8,90,90_1,MEDFOU07,"Gorgonian, sponges and algae on rock",in,UVC,CM,Fourni,
7/6/24,serranus cabrilla,1,12,90,90_1,MEDFOU07,"Gorgonian, sponges and algae on rock",in,UVC,CM,Fourni,
7/6/24,serranus cabrilla,1,13,90,90_1,MEDFOU07,"Gorgonian, sponges and algae on rock",in,UVC,CM,Fourni,
7/6/24,serranus cabrilla,1,15,90,90_1,MEDFOU07,"Gorgonian, sponges and algae on rock",in,UVC,CM,Fourni,
7/6/24,coris julis,3,9,90,90_1,MEDFOU07,"Gorgonian, sponges and algae on rock",in,UVC,CM,Fourni,
7/6/24,coris julis,1,11,90,90_1,MEDFOU07,"Gorgonian, sponges and algae on rock",in,UVC,CM,Fourni,
7/6/24,gobius vittatus,1,6,80,80_1,MEDFOU07,"Gorgonian, sponges and algae on rock",in,UVC,CM,Fourni,
7/6/24,lappanella fasciata,2,8,80,80_1,MEDFOU07,"Gorgonian, sponges and algae on rock",in,UVC,CM,Fourni,
17/04/2024,fishing line,8,,30,30_3,,sand and rock covered with algae/sponge,out,UVC,CM,Trikeri,
28/5/2024,serranus cabrilla,1,13,80,80_2,MEDFOU03,Sand and coralline ,out,UVC,CM,Fourni,
28/5/2024,serranus cabrilla,2,12,80,80_2,MEDFOU03,Sand and coralline ,out,UVC,CM,Fourni,
17/04/2024,fishing line,16,,30,30_4,,sand and rock covered with algae/sponge,out,UVC,CM,Trikeri,
31/05/2024,serranus cabrilla,1,11,40,40_3,MEDFOU03,rock and algae,out,UVC,CM,Fourni,
31/05/2024,coris julis,15,10,40,40_3,MEDFOU03,rock and algae,out,UVC,CM,Fourni,
31/05/2024,coris julis,7,11,40,40_3,MEDFOU03,rock and algae,out,UVC,CM,Fourni,
31/05/2024,coris julis,6,12,40,40_3,MEDFOU03,rock and algae,out,UVC,CM,Fourni,
,fishing line,0,,40,40_1,MEDFOU03,Sand and algae on rock ,out,UVC,CM,Fourni,
28/5/2024,fishing line,0,,40,40_2,MEDFOU03,Sand and algae on rock ,out,UVC,CM,Fourni,
31/05/2024,chromis chromis,80,9,30,30_3,MEDFOU03,Posidonia meadow and algae on rock,out,UVC,CM,Fourni,
31/05/2024,chromis chromis,3,10,30,30_3,MEDFOU03,Posidonia meadow and algae on rock,out,UVC,CM,Fourni,
31/05/2024,thalassoma pavo,11,8,30,30_3,MEDFOU03,Posidonia meadow and algae on rock,out,UVC,CM,Fourni,
31/05/2024,thalassoma pavo,3,12,30,30_3,MEDFOU03,Posidonia meadow and algae on rock,out,UVC,CM,Fourni,
31/05/2024,spicara maena,200,12,30,30_3,MEDFOU03,Posidonia meadow and algae on rock,out,UVC,CM,Fourni,
31/05/2024,coris julis,8,11,30,30_3,MEDFOU03,Posidonia meadow and algae on rock,out,UVC,CM,Fourni,
31/05/2024,coris julis,23,10,30,30_3,MEDFOU03,Posidonia meadow and algae on rock,out,UVC,CM,Fourni,
31/05/2024,coris julis,10,9,30,30_3,MEDFOU03,Posidonia meadow and algae on rock,out,UVC,CM,Fourni,
31/05/2024,symphodus doderleini,4,5,30,30_3,MEDFOU03,Posidonia meadow and algae on rock,out,UVC,CM,Fourni,
31/05/2024,symphodus doderleini,1,6,30,30_3,MEDFOU03,Posidonia meadow and algae on rock,out,UVC,CM,Fourni,
31/05/2024,symphodus doderleini,1,9,30,30_3,MEDFOU03,Posidonia meadow and algae on rock,out,UVC,CM,Fourni,
31/05/2024,apogon imberbis,1,9,30,30_3,MEDFOU03,Posidonia meadow and algae on rock,out,UVC,CM,Fourni,
31/05/2024,serranus scriba,1,12,30,30_3,MEDFOU03,Posidonia meadow and algae on rock,out,UVC,CM,Fourni,
31/05/2024,serranus scriba,2,10,30,30_3,MEDFOU03,Posidonia meadow and algae on rock,out,UVC,CM,Fourni,
31/05/2024,serranus scriba,4,13,30,30_3,MEDFOU03,Posidonia meadow and algae on rock,out,UVC,CM,Fourni,
31/05/2024,sparisoma cretense,1,11,30,30_3,MEDFOU03,Posidonia meadow and algae on rock,out,UVC,CM,Fourni,
31/05/2024,serranus cabrilla,1,14,30,30_3,MEDFOU03,Posidonia meadow and algae on rock,out,UVC,CM,Fourni,
31/05/2024,serranus cabrilla,1,11,30,30_3,MEDFOU03,Posidonia meadow and algae on rock,out,UVC,CM,Fourni,
31/05/2024,symphodus melanocercus,1,8,30,30_3,MEDFOU03,Posidonia meadow and algae on rock,out,UVC,CM,Fourni,
31/05/2024,fishing line,1,,40,40_3,MEDFOU03,rock and algae,out,UVC,CM,Fourni,
31/05/2024,serranus scriba,1,13,20,20_3,MEDFOU03,Posidonia meadow and algae on rock,out,UVC,CM,Fourni,
31/05/2024,serranus scriba,1,14,20,20_3,MEDFOU03,Posidonia meadow and algae on rock,out,UVC,CM,Fourni,
31/05/2024,symphodus mediterraneus,1,11,20,20_3,MEDFOU03,Posidonia meadow and algae on rock,out,UVC,CM,Fourni,
31/05/2024,symphodus doderleini,1,9,20,20_3,MEDFOU03,Posidonia meadow and algae on rock,out,UVC,CM,Fourni,
31/05/2024,symphodus doderleini,1,8,20,20_3,MEDFOU03,Posidonia meadow and algae on rock,out,UVC,CM,Fourni,
31/05/2024,symphodus doderleini,1,10,20,20_3,MEDFOU03,Posidonia meadow and algae on rock,out,UVC,CM,Fourni,
31/05/2024,chromis chromis,10,10,20,20_3,MEDFOU03,Posidonia meadow and algae on rock,out,UVC,CM,Fourni,
31/05/2024,chromis chromis,15,9,20,20_3,MEDFOU03,Posidonia meadow and algae on rock,out,UVC,CM,Fourni,
31/05/2024,symphodus ocellatus,1,10,20,20_3,MEDFOU03,Posidonia meadow and algae on rock,out,UVC,CM,Fourni,
31/05/2024,coris julis,2,9,20,20_3,MEDFOU03,Posidonia meadow and algae on rock,out,UVC,CM,Fourni,
31/05/2024,coris julis,5,12,20,20_3,MEDFOU03,Posidonia meadow and algae on rock,out,UVC,CM,Fourni,
31/05/2024,coris julis,9,10,20,20_3,MEDFOU03,Posidonia meadow and algae on rock,out,UVC,CM,Fourni,
31/05/2024,coris julis,6,11,20,20_3,MEDFOU03,Posidonia meadow and algae on rock,out,UVC,CM,Fourni,
31/05/2024,spicara maena,5,11,20,20_3,MEDFOU03,Posidonia meadow and algae on rock,out,UVC,CM,Fourni,
31/05/2024,atherina boyeri,500,7,20,20_3,MEDFOU03,Posidonia meadow and algae on rock,out,UVC,CM,Fourni,
31/05/2024,thalassoma pavo,1,12,20,20_3,MEDFOU03,Posidonia meadow and algae on rock,out,UVC,CM,Fourni,
31/05/2024,thalassoma pavo,1,9,20,20_3,MEDFOU03,Posidonia meadow and algae on rock,out,UVC,CM,Fourni,
29/5/2024,siganus luridus,1,13,20,20_2,MEDFOU03,rock and algae,out,UVC,CM,Fourni,
31/05/2024,gobius auratus,1,8,20,20_3,MEDFOU03,Posidonia meadow and algae on rock,out,UVC,CM,Fourni,
31/05/2024,diplodus vulgaris,3,14,20,20_3,MEDFOU03,Posidonia meadow and algae on rock,out,UVC,CM,Fourni,
31/05/2024,spondyliosoma cantharus,1,12,20,20_3,MEDFOU03,Posidonia meadow and algae on rock,out,UVC,CM,Fourni,
31/05/2024,apogon imberbis,3,9,20,20_3,MEDFOU03,Posidonia meadow and algae on rock,out,UVC,CM,Fourni,
17/04/2024,fishing line,18,,40,40_3,,sand and rock covered with algae/sponge/gorgonian,out,UVC,CM,Trikeri,
31/05/2024,atherina boyeri,800,7,10,10_3,MEDFOU03,Algae on rock,out,UVC,CM,Fourni,
31/05/2024,diplodus vulgaris,2,13,10,10_3,MEDFOU03,Algae on rock,out,UVC,CM,Fourni,
31/05/2024,chromis chromis,1,9,10,10_3,MEDFOU03,Algae on rock,out,UVC,CM,Fourni,
31/05/2024,symphodus doderleini,1,8,10,10_3,MEDFOU03,Algae on rock,out,UVC,CM,Fourni,
31/05/2024,gobius vittatus,1,7,10,10_3,MEDFOU03,Algae on rock,out,UVC,CM,Fourni,
31/05/2024,serranus scriba,2,13,10,10_3,MEDFOU03,Algae on rock,out,UVC,CM,Fourni,
31/05/2024,thalassoma pavo,3,12,10,10_3,MEDFOU03,Algae on rock,out,UVC,CM,Fourni,
31/05/2024,thalassoma pavo,4,10,10,10_3,MEDFOU03,Algae on rock,out,UVC,CM,Fourni,
31/05/2024,thalassoma pavo,14,9,10,10_3,MEDFOU03,Algae on rock,out,UVC,CM,Fourni,
31/05/2024,coris julis,3,8,10,10_3,MEDFOU03,Algae on rock,out,UVC,CM,Fourni,
31/05/2024,coris julis,6,12,10,10_3,MEDFOU03,Algae on rock,out,UVC,CM,Fourni,
31/05/2024,coris julis,21,10,10,10_3,MEDFOU03,Algae on rock,out,UVC,CM,Fourni,
31/05/2024,symphodus mediterraneus,1,8,10,10_3,MEDFOU03,Algae on rock,out,UVC,CM,Fourni,
31/05/2024,siganus luridus,1,12,20,20_3,MEDFOU03,Posidonia meadow and algae on rock,out,UVC,CM,Fourni,
31/05/2024,sparisoma cretense,1,13,10,10_3,MEDFOU03,Algae on rock,out,UVC,CM,Fourni,
31/05/2024,sparisoma cretense,3,15,10,10_3,MEDFOU03,Algae on rock,out,UVC,CM,Fourni,
31/05/2024,sparisoma cretense,1,8,10,10_3,MEDFOU03,Algae on rock,out,UVC,CM,Fourni,
31/05/2024,sparisoma cretense,2,14,10,10_3,MEDFOU03,Algae on rock,out,UVC,CM,Fourni,
31/05/2024,sparisoma cretense,6,7,10,10_3,MEDFOU03,Algae on rock,out,UVC,CM,Fourni,
31/05/2024,siganus luridus,1,10,10,10_3,MEDFOU03,Algae on rock,out,UVC,CM,Fourni,
17/04/2024,fishing line,23,,40,40_4,,sand and rock covered with algae/sponge/gorgonian,out,UVC,CM,Trikeri,
7/6/24,coris julis,4,11,85,85_1,MEDFOU07,"Gorgonian, sponges and algae on rock",in,UVC,CM,Fourni,
7/6/24,coris julis,2,10,85,85_1,MEDFOU07,"Gorgonian, sponges and algae on rock",in,UVC,CM,Fourni,
7/6/24,coris julis,16,9,85,85_1,MEDFOU07,"Gorgonian, sponges and algae on rock",in,UVC,CM,Fourni,
7/6/24,serranus cabrilla,1,13,85,85_1,MEDFOU07,"Gorgonian, sponges and algae on rock",in,UVC,CM,Fourni,
7/6/24,serranus cabrilla,2,12,85,85_1,MEDFOU07,"Gorgonian, sponges and algae on rock",in,UVC,CM,Fourni,
7/6/24,serranus cabrilla,1,10,85,85_1,MEDFOU07,"Gorgonian, sponges and algae on rock",in,UVC,CM,Fourni,
7/6/24,anthias anthias,20,7,85,85_1,MEDFOU07,"Gorgonian, sponges and algae on rock",in,UVC,CM,Fourni,
7/6/24,anthias anthias,60,9,85,85_1,MEDFOU07,"Gorgonian, sponges and algae on rock",in,UVC,CM,Fourni,
7/6/24,lappanella fasciata,3,8,85,85_1,MEDFOU07,"Gorgonian, sponges and algae on rock",in,UVC,CM,Fourni,
7/6/24,coris julis,2,12,90,90_1,MEDFOU07,"Gorgonian, sponges and algae on rock",in,UVC,CM,Fourni,
7/6/24,coris julis,8,10,90,90_1,MEDFOU07,"Gorgonian, sponges and algae on rock",in,UVC,CM,Fourni,
7/6/24,diplodus vulgaris,1,16,90,90_1,MEDFOU07,"Gorgonian, sponges and algae on rock",in,UVC,CM,Fourni,
11/4/24,fishing line,12,,41,40_1,,sand and rock covered with algae/sponge/gorgonian,out,UVC,CM,Trikeri,
28/5/2024,ind,30,5,90,90_2,MEDFOU03,Sand and coralline ,out,UVC,CM,Fourni,
28/5/2024,gobie sp,1,8,90,90_2,MEDFOU03,Sand and coralline ,out,UVC,CM,Fourni,
11/4/24,fishing line,8,,41,40_2,,sand and rock covered with algae/sponge/gorgonian,out,UVC,CM,Trikeri,
9/6/24,anthias anthias,150,11,90,90_2,MEDFOU07,"Gorgonian, sponges and algae on rock",in,UVC,CM,Fourni,
9/6/24,anthias anthias,150,10,90,90_2,MEDFOU07,"Gorgonian, sponges and algae on rock",in,UVC,CM,Fourni,
9/6/24,anthias anthias,100,9,90,90_2,MEDFOU07,"Gorgonian, sponges and algae on rock",in,UVC,CM,Fourni,
9/6/24,anthias anthias,2,7,90,90_2,MEDFOU07,"Gorgonian, sponges and algae on rock",in,UVC,CM,Fourni,
9/6/24,lappanella fasciata,3,8,90,90_2,MEDFOU07,"Gorgonian, sponges and algae on rock",in,UVC,CM,Fourni,
28/5/2024,anthias anthias,30,11,80,80_2,MEDFOU03,Sand and coralline ,out,UVC,CM,Fourni,
28/5/2024,anthias anthias,20,9,80,80_2,MEDFOU03,Sand and coralline ,out,UVC,CM,Fourni,
28/5/2024,anthias anthias,20,8,80,80_2,MEDFOU03,Sand and coralline ,out,UVC,CM,Fourni,
28/5/2024,coris julis,1,9,80,80_2,MEDFOU03,Sand and coralline ,out,UVC,CM,Fourni,
28/5/2024,coris julis,1,11,80,80_2,MEDFOU03,Sand and coralline ,out,UVC,CM,Fourni,
15/04/2024,fishing line,19,,50,50_1,,black coral forest,in,UVC,CM,Trikeri,
9/6/24,serranus cabrilla,1,13,80,80_2,MEDFOU07,"Gorgonian, sponges and algae on rock",in,UVC,CM,Fourni,
9/6/24,serranus cabrilla,3,12,80,80_2,MEDFOU07,"Gorgonian, sponges and algae on rock",in,UVC,CM,Fourni,
9/6/24,serranus cabrilla,1,15,80,80_2,MEDFOU07,"Gorgonian, sponges and algae on rock",in,UVC,CM,Fourni,
9/6/24,coris julis,3,10,80,80_2,MEDFOU07,"Gorgonian, sponges and algae on rock",in,UVC,CM,Fourni,
9/6/24,coris julis,45,9,80,80_2,MEDFOU07,"Gorgonian, sponges and algae on rock",in,UVC,CM,Fourni,
9/6/24,coris julis,3,11,80,80_2,MEDFOU07,"Gorgonian, sponges and algae on rock",in,UVC,CM,Fourni,
9/6/24,gobius fallax/geniporus,1,5,80,80_2,MEDFOU07,"Gorgonian, sponges and algae on rock",in,UVC,CM,Fourni,
9/6/24,anthias anthias,110,10,80,80_2,MEDFOU07,"Gorgonian, sponges and algae on rock",in,UVC,CM,Fourni,
9/6/24,anthias anthias,50,9,80,80_2,MEDFOU07,"Gorgonian, sponges and algae on rock",in,UVC,CM,Fourni,
9/6/24,anthias anthias,15,8,80,80_2,MEDFOU07,"Gorgonian, sponges and algae on rock",in,UVC,CM,Fourni,
9/6/24,lappanella fasciata,5,8,80,80_2,MEDFOU07,"Gorgonian, sponges and algae on rock",in,UVC,CM,Fourni,
9/6/24,lappanella fasciata,1,7,80,80_2,MEDFOU07,"Gorgonian, sponges and algae on rock",in,UVC,CM,Fourni,
9/6/24,lappanella fasciata,1,9,80,80_2,MEDFOU07,"Gorgonian, sponges and algae on rock",in,UVC,CM,Fourni,
9/6/24,diplodus vulgaris,1,15,80,80_2,MEDFOU07,"Gorgonian, sponges and algae on rock",in,UVC,CM,Fourni,
15/04/2024,fishing line,28,,50,50_2,,black coral forest,in,UVC,CM,Trikeri,
31/05/2024,serranus cabrilla,1,12,80,80_3,MEDFOU03,Sand and coralline ,out,UVC,CM,Fourni,
31/05/2024,ind,700,4,80,80_3,MEDFOU03,Sand and coralline ,out,UVC,CM,Fourni,
31/05/2024,atherina boyeri,500,6,80,80_3,MEDFOU03,Sand and coralline ,out,UVC,CM,Fourni,
31/05/2024,atherina boyeri,200,7,80,80_3,MEDFOU03,Sand and coralline ,out,UVC,CM,Fourni,
16/04/2024,fishing line,13,,50,50_3,,black coral forest,in,UVC,CM,Trikeri,
9/6/24,diplodus vulgaris,1,14,85,85_2,MEDFOU07,"Gorgonian, sponges and algae on rock",in,UVC,CM,Fourni,
9/6/24,coris julis,1,11,85,85_2,MEDFOU07,"Gorgonian, sponges and algae on rock",in,UVC,CM,Fourni,
9/6/24,coris julis,1,9,85,85_2,MEDFOU07,"Gorgonian, sponges and algae on rock",in,UVC,CM,Fourni,
9/6/24,coris julis,1,10,85,85_2,MEDFOU07,"Gorgonian, sponges and algae on rock",in,UVC,CM,Fourni,
9/6/24,serranus cabrilla,2,13,85,85_2,MEDFOU07,"Gorgonian, sponges and algae on rock",in,UVC,CM,Fourni,
9/6/24,serranus cabrilla,1,11,85,85_2,MEDFOU07,"Gorgonian, sponges and algae on rock",in,UVC,CM,Fourni,
9/6/24,lappanella fasciata,2,9,85,85_2,MEDFOU07,"Gorgonian, sponges and algae on rock",in,UVC,CM,Fourni,
9/6/24,anthias anthias,10,9,85,85_2,MEDFOU07,"Gorgonian, sponges and algae on rock",in,UVC,CM,Fourni,
9/6/24,anthias anthias,6,8,85,85_2,MEDFOU07,"Gorgonian, sponges and algae on rock",in,UVC,CM,Fourni,
9/6/24,anthias anthias,4,10,85,85_2,MEDFOU07,"Gorgonian, sponges and algae on rock",in,UVC,CM,Fourni,
9/6/24,gobius vittatus,1,7,85,85_2,MEDFOU07,"Gorgonian, sponges and algae on rock",in,UVC,CM,Fourni,
9/6/24,lappanella fasciata,3,9,90,90_2,MEDFOU07,"Gorgonian, sponges and algae on rock",in,UVC,CM,Fourni,
9/6/24,lappanella fasciata,2,7,90,90_2,MEDFOU07,"Gorgonian, sponges and algae on rock",in,UVC,CM,Fourni,
9/6/24,coris julis,4,9,90,90_2,MEDFOU07,"Gorgonian, sponges and algae on rock",in,UVC,CM,Fourni,
9/6/24,coris julis,2,10,90,90_2,MEDFOU07,"Gorgonian, sponges and algae on rock",in,UVC,CM,Fourni,
9/6/24,coris julis,3,8,90,90_2,MEDFOU07,"Gorgonian, sponges and algae on rock",in,UVC,CM,Fourni,
9/6/24,serranus cabrilla,2,13,90,90_2,MEDFOU07,"Gorgonian, sponges and algae on rock",in,UVC,CM,Fourni,
9/6/24,serranus cabrilla,2,14,90,90_2,MEDFOU07,"Gorgonian, sponges and algae on rock",in,UVC,CM,Fourni,
9/6/24,diplodus vulgaris,3,16,90,90_2,MEDFOU07,"Gorgonian, sponges and algae on rock",in,UVC,CM,Fourni,
9/6/24,ind,60,5,90,90_2,MEDFOU07,"Gorgonian, sponges and algae on rock",in,UVC,CM,Fourni,
13/04/2024,fishing line,13,,55,55_1,,"black coral on rock,",in,UVC,CM,Trikeri,
31/05/2024,ind,600,6,90,90_3,MEDFOU03,Sand and coralline ,out,UVC,CM,Fourni,
31/05/2024,ind,300,5,90,90_3,MEDFOU03,Sand and coralline ,out,UVC,CM,Fourni,
31/05/2024,coris julis,5,11,90,90_3,MEDFOU03,Sand and coralline ,out,UVC,CM,Fourni,
31/05/2024,gobius fallax/geniporus,1,7,90,90_3,MEDFOU03,Sand and coralline ,out,UVC,CM,Fourni,
31/05/2024,serranus cabrilla,1,11,90,90_3,MEDFOU03,Sand and coralline ,out,UVC,CM,Fourni,
15/04/2024,fishing line,3,,55,55_1,,Gorgonian on rock and sand,in,UVC,CM,Trikeri,
10/6/24,anthias anthias,160,11,85,85_3,MEDFOU07,"Gorgonian, sponges and algae on rock",in,UVC,CM,Fourni,
10/6/24,anthias anthias,130,10,85,85_3,MEDFOU07,"Gorgonian, sponges and algae on rock",in,UVC,CM,Fourni,
10/6/24,anthias anthias,130,9,85,85_3,MEDFOU07,"Gorgonian, sponges and algae on rock",in,UVC,CM,Fourni,
10/6/24,anthias anthias,60,8,85,85_3,MEDFOU07,"Gorgonian, sponges and algae on rock",in,UVC,CM,Fourni,
10/6/24,serranus cabrilla,2,12,85,85_3,MEDFOU07,"Gorgonian, sponges and algae on rock",in,UVC,CM,Fourni,
10/6/24,serranus cabrilla,2,15,85,85_3,MEDFOU07,"Gorgonian, sponges and algae on rock",in,UVC,CM,Fourni,
10/6/24,serranus cabrilla,1,11,85,85_3,MEDFOU07,"Gorgonian, sponges and algae on rock",in,UVC,CM,Fourni,
10/6/24,coris julis,3,9,85,85_3,MEDFOU07,"Gorgonian, sponges and algae on rock",in,UVC,CM,Fourni,
10/6/24,coris julis,2,8,85,85_3,MEDFOU07,"Gorgonian, sponges and algae on rock",in,UVC,CM,Fourni,
10/6/24,coris julis,1,10,85,85_3,MEDFOU07,"Gorgonian, sponges and algae on rock",in,UVC,CM,Fourni,
10/6/24,lappanella fasciata,3,8,85,85_3,MEDFOU07,"Gorgonian, sponges and algae on rock",in,UVC,CM,Fourni,
13/04/2024,fishing line,8,,55,55_2,,"black coral on rock, 1/4 cover with sand",in,UVC,CM,Trikeri,
10/6/24,anthias anthias,220,11,90,90_3,MEDFOU07,"Gorgonian, sponges and algae on rock",in,UVC,CM,Fourni,
10/6/24,anthias anthias,240,9,90,90_3,MEDFOU07,"Gorgonian, sponges and algae on rock",in,UVC,CM,Fourni,
10/6/24,anthias anthias,200,10,90,90_3,MEDFOU07,"Gorgonian, sponges and algae on rock",in,UVC,CM,Fourni,
10/6/24,anthias anthias,10,7,90,90_3,MEDFOU07,"Gorgonian, sponges and algae on rock",in,UVC,CM,Fourni,
10/6/24,spicara maena,100,9,90,90_3,MEDFOU07,"Gorgonian, sponges and algae on rock",in,UVC,CM,Fourni,
10/6/24,coris julis,3,10,90,90_3,MEDFOU07,"Gorgonian, sponges and algae on rock",in,UVC,CM,Fourni,
10/6/24,coris julis,8,9,90,90_3,MEDFOU07,"Gorgonian, sponges and algae on rock",in,UVC,CM,Fourni,
10/6/24,serranus cabrilla,3,14,90,90_3,MEDFOU07,"Gorgonian, sponges and algae on rock",in,UVC,CM,Fourni,
10/6/24,serranus cabrilla,1,11,90,90_3,MEDFOU07,"Gorgonian, sponges and algae on rock",in,UVC,CM,Fourni,
10/6/24,serranus cabrilla,1,12,90,90_3,MEDFOU07,"Gorgonian, sponges and algae on rock",in,UVC,CM,Fourni,
10/6/24,lappanella fasciata,1,8,90,90_3,MEDFOU07,"Gorgonian, sponges and algae on rock",in,UVC,CM,Fourni,
15/04/2024,fishing line,9,,55,55_2,,Gorgonian on rock and sand,in,UVC,CM,Trikeri,
10/6/24,anthias anthias,300,8,80,80_3,MEDFOU07,"Gorgonian, sponges and algae on rock",in,UVC,CM,Fourni,
10/6/24,anthias anthias,300,9,80,80_3,MEDFOU07,"Gorgonian, sponges and algae on rock",in,UVC,CM,Fourni,
10/6/24,anthias anthias,200,11,80,80_3,MEDFOU07,"Gorgonian, sponges and algae on rock",in,UVC,CM,Fourni,
10/6/24,anthias anthias,350,10,80,80_3,MEDFOU07,"Gorgonian, sponges and algae on rock",in,UVC,CM,Fourni,
10/6/24,coris julis,2,8,80,80_3,MEDFOU07,"Gorgonian, sponges and algae on rock",in,UVC,CM,Fourni,
10/6/24,coris julis,1,11,80,80_3,MEDFOU07,"Gorgonian, sponges and algae on rock",in,UVC,CM,Fourni,
10/6/24,coris julis,1,9,80,80_3,MEDFOU07,"Gorgonian, sponges and algae on rock",in,UVC,CM,Fourni,
10/6/24,serranus cabrilla,1,14,80,80_3,MEDFOU07,"Gorgonian, sponges and algae on rock",in,UVC,CM,Fourni,
10/6/24,serranus cabrilla,1,12,80,80_3,MEDFOU07,"Gorgonian, sponges and algae on rock",in,UVC,CM,Fourni,
10/6/24,serranus cabrilla,1,9,80,80_3,MEDFOU07,"Gorgonian, sponges and algae on rock",in,UVC,CM,Fourni,
10/6/24,spicara maena,1,9,80,80_3,MEDFOU07,"Gorgonian, sponges and algae on rock",in,UVC,CM,Fourni,
10/6/24,dentex dentex,1,18,80,80_3,MEDFOU07,"Gorgonian, sponges and algae on rock",in,UVC,CM,Fourni,
9/4/24,serranus scriba,1,16,10,10_1,,rock covered with algae,out,UVC,CM,Trikeri,
9/4/24,serranus scriba,3,15,10,10_1,,rock covered with algae,out,UVC,CM,Trikeri,
9/4/24,chromis chromis,450,9,10,10_1,,rock covered with algae,out,UVC,CM,Trikeri,
9/4/24,chromis chromis,20,8,10,10_1,,rock covered with algae,out,UVC,CM,Trikeri,
9/4/24,chromis chromis,20,6,10,10_1,,rock covered with algae,out,UVC,CM,Trikeri,
9/4/24,diplodus puntazzo,1,17,10,10_1,,rock covered with algae,out,UVC,CM,Trikeri,
9/4/24,symphodus melops,1,12,10,10_1,,rock covered with algae,out,UVC,CM,Trikeri,
9/4/24,symphodus mediterraneus,2,10,10,10_1,,rock covered with algae,out,UVC,CM,Trikeri,
9/4/24,coris julis,2,14,10,10_1,,rock covered with algae,out,UVC,CM,Trikeri,
9/4/24,coris julis,1,9,10,10_1,,rock covered with algae,out,UVC,CM,Trikeri,
9/4/24,coris julis,2,11,10,10_1,,rock covered with algae,out,UVC,CM,Trikeri,
9/4/24,coris julis,2,13,10,10_1,,rock covered with algae,out,UVC,CM,Trikeri,
9/4/24,symphodus cinereus,1,9,10,10_1,,rock covered with algae,out,UVC,CM,Trikeri,
9/4/24,symphodus tinca,1,12,10,10_1,,rock covered with algae,out,UVC,CM,Trikeri,
9/4/24,symphodus roissali,1,10,10,10_1,,rock covered with algae,out,UVC,CM,Trikeri,
9/4/24,serranus scriba,1,17,10,10_2,,rock covered with algae,out,UVC,CM,Trikeri,
9/4/24,serranus scriba,1,16,10,10_2,,rock covered with algae,out,UVC,CM,Trikeri,
9/4/24,serranus scriba,1,22,10,10_2,,rock covered with algae,out,UVC,CM,Trikeri,
9/4/24,chromis chromis,700,9,10,10_2,,rock covered with algae,out,UVC,CM,Trikeri,
9/4/24,symphodus mediterraneus,1,10,10,10_2,,rock covered with algae,out,UVC,CM,Trikeri,
9/4/24,coris julis,5,11,10,10_2,,rock covered with algae,out,UVC,CM,Trikeri,
9/4/24,coris julis,2,13,10,10_2,,rock covered with algae,out,UVC,CM,Trikeri,
9/4/24,coris julis,1,16,10,10_2,,rock covered with algae,out,UVC,CM,Trikeri,
9/4/24,symphodus cinereus,1,9,10,10_2,,rock covered with algae,out,UVC,CM,Trikeri,
9/4/24,symphodus tinca,2,9,10,10_2,,rock covered with algae,out,UVC,CM,Trikeri,
9/4/24,symphodus tinca,1,15,10,10_2,,rock covered with algae,out,UVC,CM,Trikeri,
9/4/24,symphodus tinca,2,13,10,10_2,,rock covered with algae,out,UVC,CM,Trikeri,
9/4/24,symphodus roissali,1,9,10,10_2,,rock covered with algae,out,UVC,CM,Trikeri,
9/4/24,spondyliosoma cantharus,2,16,10,10_2,,rock covered with algae,out,UVC,CM,Trikeri,
9/4/24,serranus scriba,1,16,10,10_3,,rock covered with algae,out,UVC,CM,Trikeri,
9/4/24,serranus scriba,1,17,10,10_3,,rock covered with algae,out,UVC,CM,Trikeri,
9/4/24,chromis chromis,150,9,10,10_3,,rock covered with algae,out,UVC,CM,Trikeri,
9/4/24,coris julis,4,12,10,10_3,,rock covered with algae,out,UVC,CM,Trikeri,
9/4/24,coris julis,14,13,10,10_3,,rock covered with algae,out,UVC,CM,Trikeri,
9/4/24,symphodus melops,1,17,10,10_3,,rock covered with algae,out,UVC,CM,Trikeri,
9/4/24,symphodus cinereus,1,9,10,10_3,,rock covered with algae,out,UVC,CM,Trikeri,
9/4/24,symphodus tinca,2,14,10,10_3,,rock covered with algae,out,UVC,CM,Trikeri,
9/4/24,symphodus roissali,4,13,10,10_3,,rock covered with algae,out,UVC,CM,Trikeri,
9/4/24,symphodus doderleini,1,9,10,10_3,,rock covered with algae,out,UVC,CM,Trikeri,
15/04/2024,fishing line,2,,55,55_3,,Sand,out,UVC,CM,Trikeri,
12/4/24,coris julis,3,11,10,10_4,,rock covered with algae and march of sand,out,UVC,CM,Trikeri,
12/4/24,coris julis,1,13,10,10_4,,rock covered with algae and march of sand,out,UVC,CM,Trikeri,
12/4/24,coris julis,1,10,10,10_4,,rock covered with algae and march of sand,out,UVC,CM,Trikeri,
12/4/24,coris julis,3,15,10,10_4,,rock covered with algae and march of sand,out,UVC,CM,Trikeri,
12/4/24,serranus scriba,1,12,10,10_4,,rock covered with algae and march of sand,out,UVC,CM,Trikeri,
12/4/24,serranus scriba,1,14,10,10_4,,rock covered with algae and march of sand,out,UVC,CM,Trikeri,
12/4/24,symphodus doderleini,2,10,10,10_4,,rock covered with algae and march of sand,out,UVC,CM,Trikeri,
12/4/24,chromis chromis,270,9,10,10_4,,rock covered with algae and march of sand,out,UVC,CM,Trikeri,
12/4/24,symphodus mediterraneus,1,8,10,10_4,,rock covered with algae and march of sand,out,UVC,CM,Trikeri,
12/4/24,diplodus vulgaris,2,15,10,10_4,,rock covered with algae and march of sand,out,UVC,CM,Trikeri,
12/4/24,symphodus tinca,1,14,10,10_4,,rock covered with algae and march of sand,out,UVC,CM,Trikeri,
12/4/24,pagrus pagrus,1,17,10,10_4,,rock covered with algae and march of sand,out,UVC,CM,Trikeri,
12/4/24,gobius cruentatus,3,9,10,10_4,,rock covered with algae and march of sand,out,UVC,CM,Trikeri,
12/4/24,gobius cruentatus,1,6,10,10_4,,rock covered with algae and march of sand,out,UVC,CM,Trikeri,
12/4/24,gobius cruentatus,1,12,10,10_4,,rock covered with algae and march of sand,out,UVC,CM,Trikeri,
12/4/24,tripterygion delaisi,1,8,10,10_4,,rock covered with algae and march of sand,out,UVC,CM,Trikeri,
13/04/2024,tripterygion delaisi,1,8,10,10_5,,rock covered with algae and march of sand,out,UVC,CM,Trikeri,
13/04/2024,tripterygion delaisi,1,7,10,10_5,,rock covered with algae and march of sand,out,UVC,CM,Trikeri,
13/04/2024,coris julis,8,11,10,10_5,,rock covered with algae and march of sand,out,UVC,CM,Trikeri,
13/04/2024,coris julis,1,12,10,10_5,,rock covered with algae and march of sand,out,UVC,CM,Trikeri,
13/04/2024,coris julis,2,13,10,10_5,,rock covered with algae and march of sand,out,UVC,CM,Trikeri,
13/04/2024,coris julis,2,14,10,10_5,,rock covered with algae and march of sand,out,UVC,CM,Trikeri,
13/04/2024,coris julis,1,10,10,10_5,,rock covered with algae and march of sand,out,UVC,CM,Trikeri,
13/04/2024,chromis chromis,65,8,10,10_5,,rock covered with algae and march of sand,out,UVC,CM,Trikeri,
13/04/2024,chromis chromis,1,9,10,10_5,,rock covered with algae and march of sand,out,UVC,CM,Trikeri,
13/04/2024,serranus scriba,1,14,10,10_5,,rock covered with algae and march of sand,out,UVC,CM,Trikeri,
13/04/2024,serranus scriba,1,13,10,10_5,,rock covered with algae and march of sand,out,UVC,CM,Trikeri,
13/04/2024,serranus scriba,1,11,10,10_5,,rock covered with algae and march of sand,out,UVC,CM,Trikeri,
13/04/2024,symphodus doderleini,1,9,10,10_5,,rock covered with algae and march of sand,out,UVC,CM,Trikeri,
13/04/2024,symphodus doderleini,1,10,10,10_5,,rock covered with algae and march of sand,out,UVC,CM,Trikeri,
13/04/2024,symphodus mediterraneus,2,9,10,10_5,,rock covered with algae and march of sand,out,UVC,CM,Trikeri,
13/04/2024,symphodus tinca,3,14,10,10_5,,rock covered with algae and march of sand,out,UVC,CM,Trikeri,
13/04/2024,symphodus tinca,2,13,10,10_5,,rock covered with algae and march of sand,out,UVC,CM,Trikeri,
13/04/2024,symphodus tinca,1,12,10,10_5,,rock covered with algae and march of sand,out,UVC,CM,Trikeri,
13/04/2024,spondyliosoma cantharus,1,12,10,10_5,,rock covered with algae and march of sand,out,UVC,CM,Trikeri,
13/04/2024,gobius vittatus,1,6,10,10_5,,rock covered with algae and march of sand,out,UVC,CM,Trikeri,
13/04/2024,gobius vittatus,2,7,10,10_5,,rock covered with algae and march of sand,out,UVC,CM,Trikeri,
13/04/2024,gobius fallax/geniporus,3,10,10,10_5,,rock covered with algae and march of sand,out,UVC,CM,Trikeri,
13/04/2024,gobius fallax/geniporus,1,12,10,10_5,,rock covered with algae and march of sand,out,UVC,CM,Trikeri,
13/04/2024,symphodus rostratus,1,8,10,10_5,,rock covered with algae and march of sand,out,UVC,CM,Trikeri,
13/04/2024,diplodus puntazzo,1,14,10,10_5,,rock covered with algae and march of sand,out,UVC,CM,Trikeri,
16/04/2024,fishing line,10,,55,55_3,,black coral forest,in,UVC,CM,Trikeri,
11/4/24,chromis chromis,330,9,19,20_4,,rock covered with algae and march of sand,out,UVC,CM,Trikeri,
11/4/24,diplodus vulgaris,2,13,19,20_4,,rock covered with algae and march of sand,out,UVC,CM,Trikeri,
11/4/24,serranus scriba,2,10,19,20_4,,rock covered with algae and march of sand,out,UVC,CM,Trikeri,
11/4/24,serranus scriba,3,14,19,20_4,,rock covered with algae and march of sand,out,UVC,CM,Trikeri,
11/4/24,serranus scriba,1,12,19,20_4,,rock covered with algae and march of sand,out,UVC,CM,Trikeri,
11/4/24,serranus scriba,1,13,19,20_4,,rock covered with algae and march of sand,out,UVC,CM,Trikeri,
11/4/24,coris julis,3,11,19,20_4,,rock covered with algae and march of sand,out,UVC,CM,Trikeri,
11/4/24,coris julis,2,14,19,20_4,,rock covered with algae and march of sand,out,UVC,CM,Trikeri,
11/4/24,coris julis,11,10,19,20_4,,rock covered with algae and march of sand,out,UVC,CM,Trikeri,
11/4/24,spondyliosoma cantharus,4,17,19,20_4,,rock covered with algae and march of sand,out,UVC,CM,Trikeri,
11/4/24,symphodus doderleini,1,9,19,20_4,,rock covered with algae and march of sand,out,UVC,CM,Trikeri,
11/4/24,symphodus mediterraneus,1,9,19,20_4,,rock covered with algae and march of sand,out,UVC,CM,Trikeri,
11/4/24,muraena helena,1,60,19,20_4,,rock covered with algae and march of sand,out,UVC,CM,Trikeri,
9/4/24,chromis chromis,2,6,20,20_1,,rock covered with algae and march of sand,out,UVC,CM,Trikeri,
9/4/24,chromis chromis,71,8,20,20_1,,rock covered with algae and march of sand,out,UVC,CM,Trikeri,
9/4/24,coris julis,3,16,20,20_1,,rock covered with algae and march of sand,out,UVC,CM,Trikeri,
9/4/24,coris julis,1,12,20,20_1,,rock covered with algae and march of sand,out,UVC,CM,Trikeri,
9/4/24,coris julis,6,11,20,20_1,,rock covered with algae and march of sand,out,UVC,CM,Trikeri,
9/4/24,diplodus vulgaris,2,13,20,20_1,,rock covered with algae and march of sand,out,UVC,CM,Trikeri,
9/4/24,diplodus vulgaris,1,12,20,20_1,,rock covered with algae and march of sand,out,UVC,CM,Trikeri,
9/4/24,serranus scriba,1,13,20,20_1,,rock covered with algae and march of sand,out,UVC,CM,Trikeri,
9/4/24,serranus scriba,1,9,20,20_1,,rock covered with algae and march of sand,out,UVC,CM,Trikeri,
9/4/24,serranus scriba,1,14,20,20_1,,rock covered with algae and march of sand,out,UVC,CM,Trikeri,
9/4/24,symphodus tinca,1,13,20,20_1,,rock covered with algae and march of sand,out,UVC,CM,Trikeri,
9/4/24,symphodus roissali,1,10,20,20_1,,rock covered with algae and march of sand,out,UVC,CM,Trikeri,
9/4/24,coris julis,7,11,20,20_2,,rock covered with algae and march of sand,out,UVC,CM,Trikeri,
9/4/24,coris julis,4,16,20,20_2,,rock covered with algae and march of sand,out,UVC,CM,Trikeri,
9/4/24,chromis chromis,500,9,20,20_2,,rock covered with algae and march of sand,out,UVC,CM,Trikeri,
9/4/24,chromis chromis,9,8,20,20_2,,rock covered with algae and march of sand,out,UVC,CM,Trikeri,
9/4/24,diplodus vulgaris,2,14,20,20_2,,rock covered with algae and march of sand,out,UVC,CM,Trikeri,
9/4/24,serranus scriba,2,17,20,20_2,,rock covered with algae and march of sand,out,UVC,CM,Trikeri,
9/4/24,serranus scriba,1,18,20,20_2,,rock covered with algae and march of sand,out,UVC,CM,Trikeri,
9/4/24,serranus scriba,1,15,20,20_2,,rock covered with algae and march of sand,out,UVC,CM,Trikeri,
9/4/24,serranus scriba,1,16,20,20_2,,rock covered with algae and march of sand,out,UVC,CM,Trikeri,
9/4/24,serranus scriba,1,12,20,20_2,,rock covered with algae and march of sand,out,UVC,CM,Trikeri,
9/4/24,oblada melanura,150,20,20,20_2,,rock covered with algae and march of sand,out,UVC,CM,Trikeri,
9/4/24,epinephelus costae,1,65,20,20_2,,rock covered with algae and march of sand,out,UVC,CM,Trikeri,
9/4/24,symphodus doderleini,3,9,20,20_3,,rock covered with algae and march of sand,out,UVC,CM,Trikeri,
9/4/24,coris julis,5,11,20,20_3,,rock covered with algae and march of sand,out,UVC,CM,Trikeri,
9/4/24,coris julis,3,13,20,20_3,,rock covered with algae and march of sand,out,UVC,CM,Trikeri,
9/4/24,chromis chromis,240,9,20,20_3,,rock covered with algae and march of sand,out,UVC,CM,Trikeri,
9/4/24,chromis chromis,10,8,20,20_3,,rock covered with algae and march of sand,out,UVC,CM,Trikeri,
9/4/24,diplodus vulgaris,1,20,20,20_3,,rock covered with algae and march of sand,out,UVC,CM,Trikeri,
9/4/24,oblada melanura,200,20,20,20_3,,rock covered with algae and march of sand,out,UVC,CM,Trikeri,
13/04/2024,tripterygion delaisi,1,6,20,20_5,,rock covered with algae and march of sand,out,UVC,CM,Trikeri,
13/04/2024,coris julis,10,11,20,20_5,,rock covered with algae and march of sand,out,UVC,CM,Trikeri,
13/04/2024,coris julis,1,13,20,20_5,,rock covered with algae and march of sand,out,UVC,CM,Trikeri,
13/04/2024,coris julis,1,9,20,20_5,,rock covered with algae and march of sand,out,UVC,CM,Trikeri,
13/04/2024,coris julis,2,12,20,20_5,,rock covered with algae and march of sand,out,UVC,CM,Trikeri,
13/04/2024,gobius auratus,5,7,20,20_5,,rock covered with algae and march of sand,out,UVC,CM,Trikeri,
13/04/2024,gobius auratus,1,8,20,20_5,,rock covered with algae and march of sand,out,UVC,CM,Trikeri,
13/04/2024,gobius auratus,2,12,20,20_5,,rock covered with algae and march of sand,out,UVC,CM,Trikeri,
13/04/2024,chromis chromis,51,9,20,20_5,,rock covered with algae and march of sand,out,UVC,CM,Trikeri,
13/04/2024,serranus scriba,2,12,20,20_5,,rock covered with algae and march of sand,out,UVC,CM,Trikeri,
13/04/2024,serranus scriba,1,13,20,20_5,,rock covered with algae and march of sand,out,UVC,CM,Trikeri,
13/04/2024,symphodus doderleini,1,9,20,20_5,,rock covered with algae and march of sand,out,UVC,CM,Trikeri,
13/04/2024,symphodus doderleini,5,8,20,20_5,,rock covered with algae and march of sand,out,UVC,CM,Trikeri,
13/04/2024,symphodus doderleini,4,6,20,20_5,,rock covered with algae and march of sand,out,UVC,CM,Trikeri,
13/04/2024,symphodus doderleini,1,7,20,20_5,,rock covered with algae and march of sand,out,UVC,CM,Trikeri,
13/04/2024,symphodus mediterraneus,1,9,20,20_5,,rock covered with algae and march of sand,out,UVC,CM,Trikeri,
13/04/2024,symphodus mediterraneus,1,8,20,20_5,,rock covered with algae and march of sand,out,UVC,CM,Trikeri,
13/04/2024,symphodus tinca,2,8,20,20_5,,rock covered with algae and march of sand,out,UVC,CM,Trikeri,
13/04/2024,spondyliosoma cantharus,2,16,20,20_5,,rock covered with algae and march of sand,out,UVC,CM,Trikeri,
13/04/2024,gobius vittatus,1,5,20,20_5,,rock covered with algae and march of sand,out,UVC,CM,Trikeri,
16/04/2024,fishing line,6,,55,55_4,,Gorgonian on rock and sand,in,UVC,CM,Trikeri,
11/4/24,fishing line,3,,60,60_1,,muddy sand,out,UVC,CM,Trikeri,
17/04/2024,gobius vittatus,3,6,30,30_1,,sand and rock covered with algae/sponge,out,UVC,CM,Trikeri,
17/04/2024,gobius auratus,6,6,30,30_1,,sand and rock covered with algae/sponge,out,UVC,CM,Trikeri,
17/04/2024,gobius auratus,2,7,30,30_1,,sand and rock covered with algae/sponge,out,UVC,CM,Trikeri,
17/04/2024,gobius auratus,4,8,30,30_1,,sand and rock covered with algae/sponge,out,UVC,CM,Trikeri,
17/04/2024,chromis chromis,102,7,30,30_1,,sand and rock covered with algae/sponge,out,UVC,CM,Trikeri,
17/04/2024,chromis chromis,10,9,30,30_1,,sand and rock covered with algae/sponge,out,UVC,CM,Trikeri,
17/04/2024,coris julis,2,11,30,30_1,,sand and rock covered with algae/sponge,out,UVC,CM,Trikeri,
17/04/2024,coris julis,1,15,30,30_1,,sand and rock covered with algae/sponge,out,UVC,CM,Trikeri,
17/04/2024,serranus cabrilla,1,12,30,30_1,,sand and rock covered with algae/sponge,out,UVC,CM,Trikeri,
17/04/2024,gobius cruentatus,2,10,30,30_1,,sand and rock covered with algae/sponge,out,UVC,CM,Trikeri,
17/04/2024,gobius fallax/geniporus,1,11,30,30_1,,sand and rock covered with algae/sponge,out,UVC,CM,Trikeri,
11/4/24,fishing line,2,,60,60_1,,muddy sand,out,UVC,CM,Trikeri,
17/04/2024,chromis chromis,210,7,30,30_2,,sand and rock covered with algae/sponge,out,UVC,CM,Trikeri,
17/04/2024,serranus scriba,1,15,30,30_2,,sand and rock covered with algae/sponge,out,UVC,CM,Trikeri,
17/04/2024,serranus scriba,1,13,30,30_2,,sand and rock covered with algae/sponge,out,UVC,CM,Trikeri,
17/04/2024,coris julis,3,11,30,30_2,,sand and rock covered with algae/sponge,out,UVC,CM,Trikeri,
17/04/2024,coris julis,1,13,30,30_2,,sand and rock covered with algae/sponge,out,UVC,CM,Trikeri,
17/04/2024,coris julis,1,12,30,30_2,,sand and rock covered with algae/sponge,out,UVC,CM,Trikeri,
17/04/2024,coris julis,7,10,30,30_2,,sand and rock covered with algae/sponge,out,UVC,CM,Trikeri,
17/04/2024,serranus cabrilla,1,12,30,30_2,,sand and rock covered with algae/sponge,out,UVC,CM,Trikeri,
17/04/2024,serranus cabrilla,1,13,30,30_2,,sand and rock covered with algae/sponge,out,UVC,CM,Trikeri,
17/04/2024,serranus cabrilla,1,11,30,30_2,,sand and rock covered with algae/sponge,out,UVC,CM,Trikeri,
17/04/2024,symphodus doderleini,1,9,30,30_2,,sand and rock covered with algae/sponge,out,UVC,CM,Trikeri,
17/04/2024,gobius cruentatus,2,9,30,30_2,,sand and rock covered with algae/sponge,out,UVC,CM,Trikeri,
17/04/2024,gobius cruentatus,1,8,30,30_2,,sand and rock covered with algae/sponge,out,UVC,CM,Trikeri,
17/04/2024,gobius auratus,1,6,30,30_2,,sand and rock covered with algae/sponge,out,UVC,CM,Trikeri,
17/04/2024,gobius auratus,1,8,30,30_2,,sand and rock covered with algae/sponge,out,UVC,CM,Trikeri,
17/04/2024,gobius vittatus,1,7,30,30_2,,sand and rock covered with algae/sponge,out,UVC,CM,Trikeri,
13/04/2024,fishing line,12,,60,60_1,,"black coral on rock, lower limit of the forest, sand after 60m",in,UVC,CM,Trikeri,
17/04/2024,chromis chromis,100,8,30,30_3,,sand and rock covered with algae/sponge,out,UVC,CM,Trikeri,
17/04/2024,chromis chromis,102,7,30,30_3,,sand and rock covered with algae/sponge,out,UVC,CM,Trikeri,
17/04/2024,coris julis,5,10,30,30_3,,sand and rock covered with algae/sponge,out,UVC,CM,Trikeri,
17/04/2024,coris julis,3,11,30,30_3,,sand and rock covered with algae/sponge,out,UVC,CM,Trikeri,
17/04/2024,coris julis,2,12,30,30_3,,sand and rock covered with algae/sponge,out,UVC,CM,Trikeri,
17/04/2024,coris julis,1,9,30,30_3,,sand and rock covered with algae/sponge,out,UVC,CM,Trikeri,
17/04/2024,gobius cruentatus,1,9,30,30_3,,sand and rock covered with algae/sponge,out,UVC,CM,Trikeri,
17/04/2024,gobius vittatus,2,5,30,30_3,,sand and rock covered with algae/sponge,out,UVC,CM,Trikeri,
17/04/2024,gobius vittatus,5,6,30,30_3,,sand and rock covered with algae/sponge,out,UVC,CM,Trikeri,
17/04/2024,gobius auratus,2,6,30,30_3,,sand and rock covered with algae/sponge,out,UVC,CM,Trikeri,
17/04/2024,gobius auratus,3,8,30,30_3,,sand and rock covered with algae/sponge,out,UVC,CM,Trikeri,
17/04/2024,gobius auratus,4,7,30,30_3,,sand and rock covered with algae/sponge,out,UVC,CM,Trikeri,
17/04/2024,tripterygion delaisi,1,7,30,30_3,,sand and rock covered with algae/sponge,out,UVC,CM,Trikeri,
17/04/2024,gobius fallax/geniporus,1,10,30,30_3,,sand and rock covered with algae/sponge,out,UVC,CM,Trikeri,
17/04/2024,symphodus mediterraneus,2,9,30,30_3,,sand and rock covered with algae/sponge,out,UVC,CM,Trikeri,
17/04/2024,serranus cabrilla,1,12,30,30_3,,sand and rock covered with algae/sponge,out,UVC,CM,Trikeri,
17/04/2024,gobius fallax/geniporus,1,8,30,30_3,,sand and rock covered with algae/sponge,out,UVC,CM,Trikeri,
17/04/2024,thunnus thynnus,1,110,30,30_3,,sand and rock covered with algae/sponge,out,UVC,CM,Trikeri,
17/04/2024,epinephelus costae,1,65,30,30_3,,sand and rock covered with algae/sponge,out,UVC,CM,Trikeri,
13/04/2024,fishing line,2,,60,60_2,,"black coral on rock, lower limit of the forest, sand after 60m, only 10m in the forest, after that only sand",in,UVC,CM,Trikeri,
17/04/2024,diplodus vulgaris,4,16,30,30_4,,sand and rock covered with algae/sponge,out,UVC,CM,Trikeri,
17/04/2024,chromis chromis,60,7,30,30_4,,sand and rock covered with algae/sponge,out,UVC,CM,Trikeri,
17/04/2024,chromis chromis,300,8,30,30_4,,sand and rock covered with algae/sponge,out,UVC,CM,Trikeri,
17/04/2024,coris julis,4,10,30,30_4,,sand and rock covered with algae/sponge,out,UVC,CM,Trikeri,
17/04/2024,coris julis,3,11,30,30_4,,sand and rock covered with algae/sponge,out,UVC,CM,Trikeri,
17/04/2024,coris julis,1,15,30,30_4,,sand and rock covered with algae/sponge,out,UVC,CM,Trikeri,
17/04/2024,gobius vittatus,3,7,30,30_4,,sand and rock covered with algae/sponge,out,UVC,CM,Trikeri,
17/04/2024,gobius auratus,3,8,30,30_4,,sand and rock covered with algae/sponge,out,UVC,CM,Trikeri,
17/04/2024,gobius auratus,1,7,30,30_4,,sand and rock covered with algae/sponge,out,UVC,CM,Trikeri,
17/04/2024,gobius cruentatus,1,9,30,30_4,,sand and rock covered with algae/sponge,out,UVC,CM,Trikeri,
17/04/2024,symphodus doderleini,1,9,30,30_4,,sand and rock covered with algae/sponge,out,UVC,CM,Trikeri,
17/04/2024,serranus scriba,1,13,30,30_4,,sand and rock covered with algae/sponge,out,UVC,CM,Trikeri,
17/04/2024,epinephelus costae,1,70,30,30_4,,sand and rock covered with algae/sponge,out,UVC,CM,Trikeri,
17/04/2024,dentex dentex,1,70,30,30_4,,sand and rock covered with algae/sponge,out,UVC,CM,Trikeri,
15/04/2024,fishing line,4,60,60,60_3,,muddy sand,out,UVC,CM,Trikeri,
17/04/2024,diplodus vulgaris,2,13,40,40_3,,sand and rock covered with algae/sponge/gorgonian,out,UVC,CM,Trikeri,
17/04/2024,serranus cabrilla,2,14,40,40_3,,sand and rock covered with algae/sponge/gorgonian,out,UVC,CM,Trikeri,
17/04/2024,serranus cabrilla,1,15,40,40_3,,sand and rock covered with algae/sponge/gorgonian,out,UVC,CM,Trikeri,
17/04/2024,serranus cabrilla,1,13,40,40_3,,sand and rock covered with algae/sponge/gorgonian,out,UVC,CM,Trikeri,
17/04/2024,chromis chromis,4,9,40,40_3,,sand and rock covered with algae/sponge/gorgonian,out,UVC,CM,Trikeri,
17/04/2024,gobius auratus,13,6,40,40_3,,sand and rock covered with algae/sponge/gorgonian,out,UVC,CM,Trikeri,
17/04/2024,gobius auratus,3,8,40,40_3,,sand and rock covered with algae/sponge/gorgonian,out,UVC,CM,Trikeri,
17/04/2024,gobius vittatus,1,5,40,40_3,,sand and rock covered with algae/sponge/gorgonian,out,UVC,CM,Trikeri,
17/04/2024,gobius fallax/geniporus,2,6,40,40_3,,sand and rock covered with algae/sponge/gorgonian,out,UVC,CM,Trikeri,
17/04/2024,coris julis,2,13,40,40_3,,sand and rock covered with algae/sponge/gorgonian,out,UVC,CM,Trikeri,
16/04/2024,fishing line,14,,60,60_3,,black coral forest,in,UVC,CM,Trikeri,
17/04/2024,diplodus vulgaris,1,13,40,40_4,,sand and rock covered with algae/sponge/gorgonian,out,UVC,CM,Trikeri,
17/04/2024,diplodus vulgaris,1,12,40,40_4,,sand and rock covered with algae/sponge/gorgonian,out,UVC,CM,Trikeri,
17/04/2024,diplodus vulgaris,1,14,40,40_4,,sand and rock covered with algae/sponge/gorgonian,out,UVC,CM,Trikeri,
17/04/2024,serranus cabrilla,2,13,40,40_4,,sand and rock covered with algae/sponge/gorgonian,out,UVC,CM,Trikeri,
17/04/2024,serranus cabrilla,1,14,40,40_4,,sand and rock covered with algae/sponge/gorgonian,out,UVC,CM,Trikeri,
17/04/2024,gobius auratus,5,6,40,40_4,,sand and rock covered with algae/sponge/gorgonian,out,UVC,CM,Trikeri,
17/04/2024,gobius auratus,5,7,40,40_4,,sand and rock covered with algae/sponge/gorgonian,out,UVC,CM,Trikeri,
17/04/2024,gobius auratus,3,8,40,40_4,,sand and rock covered with algae/sponge/gorgonian,out,UVC,CM,Trikeri,
17/04/2024,gobius fallax/geniporus,1,6,40,40_4,,sand and rock covered with algae/sponge/gorgonian,out,UVC,CM,Trikeri,
17/04/2024,gobius vittatus,2,5,40,40_4,,sand and rock covered with algae/sponge/gorgonian,out,UVC,CM,Trikeri,
17/04/2024,coris julis,4,12,40,40_4,,sand and rock covered with algae/sponge/gorgonian,out,UVC,CM,Trikeri,
17/04/2024,coris julis,2,15,40,40_4,,sand and rock covered with algae/sponge/gorgonian,out,UVC,CM,Trikeri,
17/04/2024,spondyliosoma cantharus,1,15,40,40_4,,sand and rock covered with algae/sponge/gorgonian,out,UVC,CM,Trikeri,
17/04/2024,spondyliosoma cantharus,4,14,40,40_4,,sand and rock covered with algae/sponge/gorgonian,out,UVC,CM,Trikeri,
15/04/2024,fishing line,2,60,60,60_4,,muddy sand,out,UVC,CM,Trikeri,
11/4/24,chromis chromis,61,9,41,40_1,,sand and rock covered with algae/sponge/gorgonian,out,UVC,CM,Trikeri,
11/4/24,coris julis,1,13,41,40_1,,sand and rock covered with algae/sponge/gorgonian,out,UVC,CM,Trikeri,
11/4/24,diplodus vulgaris,1,14,41,40_1,,sand and rock covered with algae/sponge/gorgonian,out,UVC,CM,Trikeri,
11/4/24,diplodus vulgaris,1,12,41,40_1,,sand and rock covered with algae/sponge/gorgonian,out,UVC,CM,Trikeri,
11/4/24,serranus cabrilla,1,14,41,40_1,,sand and rock covered with algae/sponge/gorgonian,out,UVC,CM,Trikeri,
26/5/2024,fishing line,15,,80,80_1,MEDFOU03,Sand and coralline ,out,UVC,CM,Fourni,
11/4/24,serranus cabrilla,1,12,41,40_2,,sand and rock covered with algae/sponge/gorgonian,out,UVC,CM,Trikeri,
11/4/24,serranus cabrilla,1,13,41,40_2,,sand and rock covered with algae/sponge/gorgonian,out,UVC,CM,Trikeri,
11/4/24,coris julis,1,13,41,40_2,,sand and rock covered with algae/sponge/gorgonian,out,UVC,CM,Trikeri,
11/4/24,coris julis,3,12,41,40_2,,sand and rock covered with algae/sponge/gorgonian,out,UVC,CM,Trikeri,
11/4/24,coris julis,1,14,41,40_2,,sand and rock covered with algae/sponge/gorgonian,out,UVC,CM,Trikeri,
11/4/24,chromis chromis,8,8,41,40_2,,sand and rock covered with algae/sponge/gorgonian,out,UVC,CM,Trikeri,
11/4/24,diplodus vulgaris,2,14,41,40_2,,sand and rock covered with algae/sponge/gorgonian,out,UVC,CM,Trikeri,
11/4/24,diplodus vulgaris,1,13,41,40_2,,sand and rock covered with algae/sponge/gorgonian,out,UVC,CM,Trikeri,
11/4/24,spondyliosoma cantharus,1,12,41,40_2,,sand and rock covered with algae/sponge/gorgonian,out,UVC,CM,Trikeri,
11/4/24,gobie sp,1,10,41,40_2,,sand and rock covered with algae/sponge/gorgonian,out,UVC,CM,Trikeri,gobie noire tache blanche
11/4/24,symphodus doderleini,1,9,41,40_2,,sand and rock covered with algae/sponge/gorgonian,out,UVC,CM,Trikeri,
7/6/24,fishing line,5,,80,80_1,MEDFOU07,"Gorgonian, sponges and algae on rock",in,UVC,CM,Fourni,
15/04/2024,anthias anthias,40,11,50,50_1,,black coral forest,in,UVC,CM,Trikeri,
15/04/2024,anthias anthias,20,10,50,50_1,,black coral forest,in,UVC,CM,Trikeri,
15/04/2024,chromis chromis,4,9,50,50_1,,black coral forest,in,UVC,CM,Trikeri,
15/04/2024,serranus cabrilla,2,16,50,50_1,,black coral forest,in,UVC,CM,Trikeri,
15/04/2024,serranus cabrilla,1,14,50,50_1,,black coral forest,in,UVC,CM,Trikeri,
15/04/2024,diplodus vulgaris,3,16,50,50_1,,black coral forest,in,UVC,CM,Trikeri,
15/04/2024,diplodus vulgaris,2,14,50,50_1,,black coral forest,in,UVC,CM,Trikeri,
15/04/2024,diplodus vulgaris,2,13,50,50_1,,black coral forest,in,UVC,CM,Trikeri,
15/04/2024,gobius auratus,1,7,50,50_1,,black coral forest,in,UVC,CM,Trikeri,
15/04/2024,coris julis,1,13,50,50_1,,black coral forest,in,UVC,CM,Trikeri,
15/04/2024,gobius vittatus,2,6,50,50_1,,black coral forest,in,UVC,CM,Trikeri,
15/04/2024,mullus surmuletus,1,17,50,50_1,,black coral forest,in,UVC,CM,Trikeri,
28/5/2024,fishing line,18,,80,80_2,MEDFOU03,Sand and coralline ,out,UVC,CM,Fourni,
15/04/2024,anthias anthias,70,10,50,50_2,,black coral forest,in,UVC,CM,Trikeri,
15/04/2024,serranus cabrilla,1,13,50,50_2,,black coral forest,in,UVC,CM,Trikeri,
15/04/2024,diplodus vulgaris,1,13,50,50_2,,black coral forest,in,UVC,CM,Trikeri,
15/04/2024,diplodus vulgaris,5,14,50,50_2,,black coral forest,in,UVC,CM,Trikeri,
15/04/2024,diplodus vulgaris,2,12,50,50_2,,black coral forest,in,UVC,CM,Trikeri,
15/04/2024,diplodus annularis,1,14,50,50_2,,black coral forest,in,UVC,CM,Trikeri,
15/04/2024,phycis phycis,1,24,50,50_2,,black coral forest,in,UVC,CM,Trikeri,
9/6/24,fishing line,0,,80,80_2,MEDFOU07,"Gorgonian, sponges and algae on rock",in,UVC,CM,Fourni,
16/04/2024,anthias anthias,65,10,50,50_3,,black coral forest,in,UVC,CM,Trikeri,
16/04/2024,anthias anthias,6,12,50,50_3,,black coral forest,in,UVC,CM,Trikeri,
16/04/2024,serranus cabrilla,1,14,50,50_3,,black coral forest,in,UVC,CM,Trikeri,
16/04/2024,serranus cabrilla,1,13,50,50_3,,black coral forest,in,UVC,CM,Trikeri,
16/04/2024,serranus cabrilla,1,15,50,50_3,,black coral forest,in,UVC,CM,Trikeri,
16/04/2024,diplodus vulgaris,1,13,50,50_3,,black coral forest,in,UVC,CM,Trikeri,
16/04/2024,diplodus vulgaris,2,12,50,50_3,,black coral forest,in,UVC,CM,Trikeri,
16/04/2024,diplodus vulgaris,1,14,50,50_3,,black coral forest,in,UVC,CM,Trikeri,
16/04/2024,spondyliosoma cantharus,1,13,50,50_3,,black coral forest,in,UVC,CM,Trikeri,
31/05/2024,fishing line,0,,80,80_3,MEDFOU03,Sand and coralline ,out,UVC,CM,Fourni,
13/04/2024,anthias anthias,64,11,55,55_1,,"black coral on rock,",in,UVC,CM,Trikeri,
13/04/2024,anthias anthias,5,9,55,55_1,,"black coral on rock,",in,UVC,CM,Trikeri,
13/04/2024,diplodus vulgaris,2,14,55,55_1,,"black coral on rock,",in,UVC,CM,Trikeri,
13/04/2024,diplodus vulgaris,1,15,55,55_1,,"black coral on rock,",in,UVC,CM,Trikeri,
13/04/2024,diplodus vulgaris,1,13,55,55_1,,"black coral on rock,",in,UVC,CM,Trikeri,
13/04/2024,diplodus vulgaris,1,11,55,55_1,,"black coral on rock,",in,UVC,CM,Trikeri,
13/04/2024,diplodus annularis,1,11,55,55_1,,"black coral on rock,",in,UVC,CM,Trikeri,
13/04/2024,spondyliosoma cantharus,1,14,55,55_1,,"black coral on rock,",in,UVC,CM,Trikeri,
13/04/2024,serranus cabrilla,2,15,55,55_2,,"black coral on rock, 1/4 cover with sand",in,UVC,CM,Trikeri,
13/04/2024,diplodus vulgaris,7,14,55,55_2,,"black coral on rock, 1/4 cover with sand",in,UVC,CM,Trikeri,
13/04/2024,mullus surmuletus,7,14,55,55_2,,"black coral on rock, 1/4 cover with sand",in,UVC,CM,Trikeri,
13/04/2024,pagrus pagrus,1,8,55,55_2,,"black coral on rock, 1/4 cover with sand",in,UVC,CM,Trikeri,
10/6/24,fishing line,10,,80,80_3,MEDFOU07,"Gorgonian, sponges and algae on rock",in,UVC,CM,Fourni,
13/04/2024,anthias anthias,71,11,55,55_2,,"black coral on rock, 1/4 cover with sand",in,UVC,CM,Trikeri,
13/04/2024,anthias anthias,5,10,55,55_2,,"black coral on rock, 1/4 cover with sand",in,UVC,CM,Trikeri,
26/5/2024,fishing line,3,,85,85_1,MEDFOU03,Sand and coralline ,out,UVC,CM,Fourni,
15/04/2024,diplodus vulgaris,2,13,55,55_1,,Gorgonian on rock and sand,in,UVC,CM,Trikeri,
15/04/2024,diplodus vulgaris,2,14,55,55_1,,Gorgonian on rock and sand,in,UVC,CM,Trikeri,
15/04/2024,diplodus vulgaris,1,17,55,55_1,,Gorgonian on rock and sand,in,UVC,CM,Trikeri,
15/04/2024,anthias anthias,12,12,55,55_1,,Gorgonian on rock and sand,in,UVC,CM,Trikeri,
15/04/2024,serranus cabrilla,1,14,55,55_1,,Gorgonian on rock and sand,in,UVC,CM,Trikeri,
28/5/2024,fishing line,3,,85,85_2,MEDFOU03,Sand and coralline ,out,UVC,CM,Fourni,
15/04/2024,diplodus vulgaris,5,14,55,55_2,,Gorgonian on rock and sand,in,UVC,CM,Trikeri,
15/04/2024,diplodus vulgaris,1,12,55,55_2,,Gorgonian on rock and sand,in,UVC,CM,Trikeri,
15/04/2024,diplodus vulgaris,3,15,55,55_2,,Gorgonian on rock and sand,in,UVC,CM,Trikeri,
15/04/2024,diplodus vulgaris,1,17,55,55_2,,Gorgonian on rock and sand,in,UVC,CM,Trikeri,
15/04/2024,anthias anthias,11,11,55,55_2,,Gorgonian on rock and sand,in,UVC,CM,Trikeri,
15/04/2024,anthias anthias,11,10,55,55_2,,Gorgonian on rock and sand,in,UVC,CM,Trikeri,
15/04/2024,anthias anthias,2,14,55,55_2,,Gorgonian on rock and sand,in,UVC,CM,Trikeri,
15/04/2024,spondyliosoma cantharus,1,13,55,55_2,,Gorgonian on rock and sand,in,UVC,CM,Trikeri,
15/04/2024,mullus surmuletus,2,15,55,55_2,,Gorgonian on rock and sand,in,UVC,CM,Trikeri,
15/04/2024,mullus surmuletus,1,18,55,55_2,,Gorgonian on rock and sand,in,UVC,CM,Trikeri,
31/05/2024,fishing line,2,,85,85_3,MEDFOU03,Sand and coralline ,out,UVC,CM,Fourni,
7/6/24,fishing line,6,,85,85_1,MEDFOU07,"Gorgonian, sponges and algae on rock",in,UVC,CM,Fourni,
16/04/2024,diplodus vulgaris,1,13,55,55_4,,Gorgonian on rock and sand,in,UVC,CM,Trikeri,
16/04/2024,diplodus vulgaris,1,12,55,55_4,,Gorgonian on rock and sand,in,UVC,CM,Trikeri,
16/04/2024,diplodus vulgaris,1,14,55,55_4,,Gorgonian on rock and sand,in,UVC,CM,Trikeri,
16/04/2024,anthias anthias,2,13,55,55_4,,Gorgonian on rock and sand,in,UVC,CM,Trikeri,
16/04/2024,anthias anthias,20,10,55,55_4,,Gorgonian on rock and sand,in,UVC,CM,Trikeri,
16/04/2024,anthias anthias,31,11,55,55_4,,Gorgonian on rock and sand,in,UVC,CM,Trikeri,
9/6/24,fishing line,3,,85,85_2,MEDFOU07,"Gorgonian, sponges and algae on rock",in,UVC,CM,Fourni,
16/04/2024,diplodus vulgaris,1,13,55,55_3,,black coral forest,in,UVC,CM,Trikeri,
16/04/2024,anthias anthias,10,11,55,55_3,,black coral forest,in,UVC,CM,Trikeri,
16/04/2024,anthias anthias,5,10,55,55_3,,black coral forest,in,UVC,CM,Trikeri,
10/6/24,fishing line,11,,85,85_3,MEDFOU07,"Gorgonian, sponges and algae on rock",in,UVC,CM,Fourni,
26/5/2024,fishing line,0,,90,90_1,MEDFOU03,Sand and coralline ,out,UVC,CM,Fourni,
7/6/24,fishing line,3,,90,90_1,MEDFOU07,"Gorgonian, sponges and algae on rock",in,UVC,CM,Fourni,
13/04/2024,mullus surmuletus,1,13,60,60_1,,"black coral on rock, lower limit of the forest, sand after 60m",in,UVC,CM,Trikeri,
13/04/2024,diplodus vulgaris,3,12,60,60_1,,"black coral on rock, lower limit of the forest, sand after 60m",in,UVC,CM,Trikeri,
13/04/2024,diplodus vulgaris,3,12,60,60_1,,"black coral on rock, lower limit of the forest, sand after 60m",in,UVC,CM,Trikeri,
13/04/2024,anthias anthias,28,11,60,60_1,,"black coral on rock, lower limit of the forest, sand after 60m",in,UVC,CM,Trikeri,
13/04/2024,serranus cabrilla,2,14,60,60_1,,"black coral on rock, lower limit of the forest, sand after 60m",in,UVC,CM,Trikeri,
13/04/2024,anthias anthias,40,11,60,60_2,,"black coral on rock, lower limit of the forest, sand after 60m, only 10m in the forest, after that only sand",in,UVC,CM,Trikeri,
13/04/2024,diplodus vulgaris,1,14,60,60_2,,"black coral on rock, lower limit of the forest, sand after 60m, only 10m in the forest, after that only sand",in,UVC,CM,Trikeri,
28/5/2024,fishing line,0,,90,90_2,MEDFOU03,Sand and coralline ,out,UVC,CM,Fourni,
9/6/24,fishing line,3,,90,90_2,MEDFOU07,"Gorgonian, sponges and algae on rock",in,UVC,CM,Fourni,
31/05/2024,fishing line,0,,90,90_3,MEDFOU03,Sand and coralline ,out,UVC,CM,Fourni,
10/6/24,fishing line,21,,90,90_3,MEDFOU07,"Gorgonian, sponges and algae on rock",in,UVC,CM,Fourni,
16/04/2024,diplodus vulgaris,1,14,60,60_3,,black coral forest,in,UVC,CM,Trikeri,
16/04/2024,serranus cabrilla,1,14,60,60_3,,black coral forest,in,UVC,CM,Trikeri,
16/04/2024,anthias anthias,1,12,60,60_3,,black coral forest,in,UVC,CM,Trikeri,
,fishing line,0,,50,50_1,,muddy sand,out,UVC,CM,Trikeri,
,fishing line,0,,50,50_2,,muddy sand,out,UVC,CM,Trikeri,
,fishing line,0,,50,50_3,,muddy sand,out,UVC,CM,Trikeri,